<?xml version="1.0" encoding="UTF-8"?>
<project-private xmlns="http://www.netbeans.org/ns/project-private/1">
    <editor-bookmarks xmlns="http://www.netbeans.org/ns/editor-bookmarks/2" lastBookmarkId="0"/>
    <open-files xmlns="http://www.netbeans.org/ns/projectui-open-files/2">
        <group>
            <file>file:/C:/xampp/htdocs/AnimeSociety/Participant/pages/checkout.php</file>
            <file>file:/C:/xampp/htdocs/AnimeSociety/Admin_Panel/admin_panel/adminView/dashboard.php</file>
            <file>file:/C:/xampp/htdocs/AnimeSociety/Admin_Panel/admin_panel/adminView/addProduct.php</file>
            <file>file:/C:/xampp/htdocs/AnimeSociety/Admin_Panel/admin_panel/adminView/viewCustomers.php</file>
            <file>file:/C:/xampp/htdocs/AnimeSociety/Admin_Panel/admin_panel/adminView/editProduct.php</file>
            <file>file:/C:/xampp/htdocs/AnimeSociety/Admin_Panel/admin_panel/adminView/viewProduct.php</file>
        </group>
    </open-files>
</project-private>
